Client Name,URL
865 Autos LLC,https://www.865autos.com/
Allen Chevrolet,https://www.allenchevy.com/
Audi Northlake,https://www.audinorthlake.com/
Audi South Austin,https://www.audisouthaustin.com/
Auto Gallery Ford,https://www.autogalleryford.com/
Barbour Hendrick Honda,https://www.barbourhendrickhonda.com/
Bay Ridge Subaru,https://www.brooklynsubarudeals.com/
Beach Chevrolet,https://www.thebeachchevrolet.com/
BMW Charlotte,https://www.hendrickbmwcharlotte.com/
BMW Northlake,https://www.hendrickbmwnorthlake.com/
BMW of Kansas City South,https://www.bmwofkansascitysouth.com/
BMW of McKinney,https://www.bmwofmckinney.com/
BMW South Austin,https://www.bmwofsouthaustin.com/
Chrysler Dodge Jeep Ram of Elizabethton,https://www.nagcdjr.com/
Circle Jeep,https://www.circlejeep.com/
Circle Subaru,https://www.circlesubaru.com/
Covert Country Hutto,https://www.covertchevyhutto.com/
Covert Ford of Hutto,https://www.covertfordhutto.com/
Crews Chevrolet,https://www.crewschevrolet.com/
Cronic Nissan,https://www.cronicnissan.net/
Dale Earnhardt Jr. Buick GMC,https://www.daleearnhardtjrbuickgmc.com/
Dale Earnhardt Jr. Cadillac,https://www.daleearnhardtjrcadillac.com/
Dale Earnhardt Jr. Chevrolet,https://www.daleearnhardtjrchevy.com/
Darrell Waltrip Buick GMC,https://www.darrellwaltripbuickgmc.com/
Darrell Waltrip Honda,https://www.darrellwaltriphonda.com/
Darrell Waltrip Subaru,https://www.darrellwaltripsubaru.com/
Dave Smith CDA,https://www.davesmithcda.com/
Daytona Infiniti,https://www.daytonainfiniti.com/
Daytona Mazda,https://www.daytonamazda.com/
Daytona Nissan,https://www.daytonanissan.com/
East Bay BMW,https://www.eastbaybmw.com/
East Charlotte Nissan,https://www.eastcharlottenissan.com/
Family Nissan,https://www.nissanfamily.com/
Ford of Cookeville,https://www.fordlincolnofcookeville.com/
Ford of Elizabethton,https://www.fordofelizabethton.com/
Fort Mill Hyundai,https://www.fortmillhyundai.com/
Freehold Ford,https://www.freeholdford.com/
Gary Yeoman's Ford Daytona Beach,https://www.garyyeomansford.com/
Gary Yeoman's Palm Bay Ford,https://www.palmbayford.com/
Gary Yeomans Ford Frankfort,https://www.frankfortford.com/
Gary Yeomans Ford Knoxville,https://www.garyyeomansfordknoxville.com/
Gary Yeomans Ford Ocala,https://www.garyyeomansfordocala.com/
Gary Yeomans Ford Villages,https://www.garyyeomansfordvillages.com/
Gary Yeomans Honda,https://www.garyyeomanshonda.com/
Gary Yeomans Lincoln Daytona Beach,https://www.garyyeomanslincoln.com/
Gary Yeomans Lincoln Ocala,https://www.garyyeomanslincolnocala.com/
Gary Yeomans PreOwned Supercenter,https://www.garyyeomansusedcars.com/
Gastonia Chevrolet Buick GMC Cadillac,https://www.gastoniachevroletbuickgmc.com/
Gastonia Chrysler Dodge Jeep Ram,https://www.gastoniadodge.com/
George's Used Cars,https://www.georgesapproval.com/
Glanzmann Subaru,https://www.glanzmann.com/
Granbury Nissan,https://www.granburynissan.com/
Greenwood Ford,https://www.greenwoodford.com/
Greenwood Lincoln,https://www.greenwoodlincoln.com/
Gwinnett Place Honda,https://www.gphonda.com/
Hendrick Acura Charlotte,https://www.hendrickacura.com/
Hendrick Acura of Pleasanton,https://www.acuraofpleasanton.com/
Hendrick Acura Southpoint,https://www.acurasouthpoint.com/
Hendrick Buick GMC Cary,https://www.hendrickbuickgmccary.com/
Hendrick Cadillac Monroe,https://www.hendrickcadillacmonroe.com/
Hendrick CDJR of Concord,https://www.hendrickchryslerdodgejeepramofconcord.com/
Hendrick Chevrolet Buick GMC Southpoint,https://www.hendrickgmsouthpoint.com/
Hendrick Chevrolet Cary,https://www.hendrickchevrolet.com/
Hendrick Chevrolet Columbia,https://www.hendrickchevroletcolumbia.com/
Hendrick Chevrolet Hoover,https://www.hendrickchevroletbirmingham.com/
Hendrick Chevrolet Monroe,https://www.hendrickchevroletmonroe.com/
Hendrick Chevrolet Shawnee Mission,https://www.chevyusa.com/
Hendrick Chrysler Dodge Jeep Ram Hoover,https://www.hendrickchryslerdodgejeepram.com/
Hendrick Chrysler Jeep Fiat Fayetteville,https://www.hendrickchryslerjeep.com/
Hendrick Dodge RAM Cary,https://www.hendrickdodge.com/
Hendrick GMC Columbia,https://www.hendrickgmccolumbia.com/
Hendrick Honda Bradenton,https://www.hendrickhondabradenton.com/
Hendrick Honda Easley,https://www.hendrickhondasc.com/
Hendrick Honda Hickory,https://www.hendrickhondahickory.com/
Hendrick Honda of Charleston,https://www.charlestonhonda.com/
Hendrick Honda of Concord,https://www.hondaofconcord.com/
Hendrick Honda South Blvd,https://www.hendrickhonda.com/
Hendrick KIA of Cary,https://www.hendrickkia.com/
Hendrick Kia of Concord,https://www.hendrickkiaofconcord.com/
Hendrick MINI Charlotte,https://www.hendrickmini.com/
Hendrick Subaru Hoover,https://www.hendricksubaruhoover.com/
Hendrick Subaru Southpoint,https://www.subarusouthpoint.com/
Hendrick Toyota Apex,https://www.hendricktoyotaapex.com/
Hendrick Toyota Concord,https://www.hendricktoyotaconcord.com/
Hendrick Toyota Merriam,https://www.hendricktoyotamerriam.com/
Hendrick Toyota North Charleston,https://www.hendricktoyotanorthcharleston.com/
Hendrick Volkswagen Frisco,https://www.hendrickvwfrisco.com/
Hendrick Volkswagen of Concord,https://www.hendrickvwofconcord.com/
Hendrick Volvo Cars of Charleston,https://www.hendrickvolvocars.com/
Honda Cars of Aiken,https://www.hondacarsofaiken.com/
Honda Cars of McKinney,https://www.hondacarsofmckinney.com/
Honda Cars of Rock Hill,https://www.hondacarsrockhill.com/
Honda Indian Trail,https://www.hondaofindiantrail.com/
Honda of Bridgewater,https://www.hondabridgewater.com/
Honda of Huntersville,https://www.hondahuntersville.com/
Honda of Newnan,https://www.hondaofnewnan.com/
Hoover Chrysler Dodge Jeep Ram Summerville,https://www.hooverjeepchrysler.net/
Hyundai of Asheville,https://www.hyundaiofasheville.com/
Independence Mazda,https://www.independencemazda.com/
Jackie Cooper Infiniti,https://jackiecooperinfiniti.com/
Jackie Cooper Mercedes,https://jackiecoopermercedes.com/
Jackie Cooper Nissan,https://jackiecoopernissan.com/
Jacksonville Chrysler Dodge Jeep Ram,https://www.jaxcjdr.com/
Jeff Gordon Chevrolet,https://www.jeffgordonchevy.com/
Joe Cooper Chevrolet,https://joecooperchevroletcadillacgmc.com/
Joe Cooper Dodge Jeep Shawnee,https://joecooperdodgejeep.com/
Joe Cooper Dodge of Yukon,https://joecooperdodgeyukon.com/
Joe Cooper Ford Edmond,https://joecooperfordedmond.com/
Joe Cooper Ford of Yukon,https://joecooperfordyukon.com/
Joe Cooper Ford Shawnee,https://joecooperfordshawnee.com/
Joe Cooper Hyundai of Midwest City,https://joecooperhyundai.com/
Joe Cooper Lincoln of Edmond,https://joecooperlincoln.com/
JT's Chrysler Dodge Jeep Ram of Lexington,https://www.jtschryslerdodgejeepram.com/
JT's Dodgeland of Columbia,https://jtscdjrofcolumbia.com/
JT's Kia of Columbia,https://www.jtskia.com/
JT's Kia of Columbia - Greystone,https://www.kiacolumbia.com/
JTs Kia of Rock Hill,https://www.jtskiarockhill.com/
Keffer Mazda,https://www.keffermazda.com/
Keith Hawthorne Hyundai of Gastonia,https://www.hyundaiofgastonia.com/
Kelly Honda,https://www.kelly-honda.com/
Kelly Infiniti,https://www.kellyinfiniti.com/
Kelly Nissan of Lynnfield,https://www.kellynissanoflynnfield.com/
Kelly Nissan of Woburn,https://www.kellynissanofwoburn.com/
Kelly Volkswagen,https://www.kelly-vw.com/
Kimberly Eakin Kia,https://www.kimberlyeakinkia.com/
Lake Norman Chrysler Dodge Jeep Ram,https://www.lakenormanchrysler.com/
Lake Norman Hyundai,https://www.lakenormanhyundai.com/
Lilliston Chrysler Dodge Jeep Ram,https://www.lillistonchryslerdodgejeep.com/
Lilliston Ford,https://www.lillistonford.com/
Lindsay Buick GMC,https://www.lindsaybuickgmctruck.com/
Madison Honda,https://www.madisonhonda.com/
Mall of Georgia Mazda,https://www.mallofgamazda.com/
Mall of Georgia MINI,https://www.mallofgamini.com/
Mathews Honda of Paris,https://www.hondaofparis.net/
Mathews Nissan of Paris,https://www.parisnissan.com/
McSweeney Chevrolet GMC,https://www.mcsweeneychevygmc.com/
McSweeney Chrysler Dodge Jeep Ram - Clanton,https://www.mcsweeneycdjr.com/
McSweeney Chrysler Dodge Jeep Ram - Pell City,https://www.mcsweeneychryslerdodgejeepram.com/
Mercedes-Benz of San Antonio,https://www.mbofsa.com/
Mike Reichenbach Ford Lincoln,https://www.mikereichenbachfordflorence.com/
Mike Terry Chevrolet GMC,https://www.mterryautogroup.com/
Mike Terry Chevrolet Refugio,https://www.miketerrychevrolet.com/
Mike Terry Ford Mexia,https://www.miketerryford.com/
Mike Terry Hyundai of Silsbee,https://www.miketerryhyundai.com/
Monroe Nissan,https://www.monroenissan.com/
Myrtle Beach Chrysler Jeep,https://www.myrtlebeachchryslerjeep.net/
Nissan  of  Rockville  Centre,https://www.nissanofrockvillecentre.com/
Nissan of Bay Shore,https://www.nissanofbayshore.com/
Nissan of Garden City,https://www.nissanofgardencity.com/
Nissan of Hendersonville,https://www.nissanofhendersonville.com/
Nissan of Huntington,https://www.nissanofhuntington.com/
Nissan of Richmond,https://www.nissanrva.com/
North Knoxville CDJR,https://www.northknoxcdjr.com/
Octane Buick GMC of Santa Fe,https://www.octanegmc.com/
Owen Ford Jarratt,https://www.owenford.com/
Parks Buick GMC Greenville,https://www.parksbuickgmc.com/
Parks Buick GMC Kernersville,https://www.parksgmckernersville.com/
Parks Chevrolet Charlotte,https://www.parkscharlotte.com/
Parks Chevrolet Huntersville,https://www.parkschevrolethuntersville.com/
Parks Chevrolet Kernersville,https://www.parkschevy.com/
Parks Chevrolet Richmond,https://www.parksrichmond.com/
Parks Chevrolet Spartanburg,https://www.parkschevroletspartanburg.com/
Parks Ford Hendersonville,https://www.parksfordhendersonville.com/
Parks Motors,https://www.parksmotors.com/
Patriot Chevrolet GMC,https://www.patriotchevroletgmc.com/
Paul Miller Auto Outlet,https://www.paulmillerauto.com/
Paul Miller Ford,https://www.paulmillerford.com/
Paul Miller Mazda,https://www.paulmillermazda.com/
Peoria Toyota,https://www.peoriatoyota.com/
Priority Chevrolet Chesapeake,https://www.prioritychevrolet.com/
Priority Honda Hampton,https://www.priorityhondahampton.com/
Priority Infiniti Greenbrier,https://www.priorityinfiniti.com/
Reggie Jackson Airport Honda,https://www.reggiejacksonairporthonda.com/
Rick Hendrick Buick GMC Duluth,https://www.rickhendrickbuickgmcatlanta.com/
Rick Hendrick Cadillac Norfolk,https://www.rickhendrickcadillacnorfolk.com/
Rick Hendrick CDJRF of North Charleston,https://www.jeephendrick.com/
Rick Hendrick Chevrolet Buick GMC Richmond,https://www.hendrickchevybuickgmcrichmond.com/
Rick Hendrick Chevrolet Charleston,https://www.rickhendrickchevy.com/
Rick Hendrick Chevrolet Duluth,https://www.hendrickatlanta.com/
Rick Hendrick Chevrolet Naples,https://www.rickhendrickchevynaples.com/
Rick Hendrick Chevrolet Norfolk,https://www.rickhendrickchevroletnorfolk.com/
Rick Hendrick Chevrolet of Buford,https://www.hendrickbuford.com/
Rick Hendrick Chrysler Dodge Jeep Ram Duluth,https://www.hendrickcdjratlanta.com/
Rick Hendrick Chrysler Dodge Jeep Ram Fiat Wilmington,https://www.hendrickjeepwilmington.com/
Rick Hendrick City Chevrolet,https://www.citychevrolet.com/
Rick Hendrick DCJR Charleston,https://www.rickhendrickdodge.com/
Rick Hendrick Honda,https://www.rickhendrickhonda.com/
Rick Hendrick Toyota of Fayetteville,https://www.rickhendricktoyota.com/
Rick Hendrick Toyota Sandy Springs,https://www.rickhendricktoyotasandysprings.com/
Rusty Wallace Kia Alcoa,https://www.rustywallacekiaalcoa.com/
Sands Chrysler Dodge Jeep Ram,https://www.sandschryslerjeepdodge.net/
Secret City Chrysler Dodge Jeep Ram,https://www.secretcitycdjr.com/
Serra Honda Brighton,https://www.serrahondabrighton.com/
South Strand Chrysler Dodge Jeep Ram,https://www.southstrandchrysler.com/
Stevenson Hendrick Honda Wilmington,https://www.stevensonhendrickhonda.com/
Stevenson Hendrick Mazda,https://www.stevensonhendrickmazda.com/
Stevenson-Hendrick Honda Jacksonville,https://www.stevensonhendrickhondajacksonville.com/
Stevenson-Hendrick Toyota Jacksonville,https://www.stevensonhendricktoyota.com/
Stokes Chevrolet of Moncks Corner,https://www.stokeschevy.com/
Stokes Hodges Ford,https://www.stokeshodgesford.com/
Stokes Hodges Kia,https://www.stokeshodgeskia.com/
Stone Mountain Honda,https://www.hondaofstonemountain.com/
Team Chevrolet GMC Salisbury,https://www.teamchevync.com/
Team Chevrolet of Goldsboro,https://www.teamgoldsboro.com/
Team Chevrolet of Swansboro,https://www.teamswansboro.com/
Team Chrysler Dodge Ram of Morganton,https://www.teammorganton.com/
Team Dodge Ram Fiat Myrtle Beach,https://www.teamdodgeramsc.com/
Ted Russell Ford,https://www.tedrussellford.net/
Ted Russell Lincoln,https://www.tedrusselllincoln.net/
Terry Labonte Chevrolet,https://www.terrylabontechevy.com/
Terry Lambert Hyundai,https://www.terrylamberthyundai.com/
Toyota Knoxville,https://www.toyotaknoxville.com/
Toyota of Murfreesboro,https://www.toyotaofmurfreesboro.com/
Toyota of Wilmington,https://www.toyotaofwilmington.com/
Victory Chrysler Dodge Jeep Ram,https://www.victoryshallotte.com/
Volkswagen of Murrieta,https://www.vwofmurrieta.com/
Volunteer Auto Group,https://www.volauto.com/
VW of Huntington,https://www.vwofhuntington.com/